teams,colors,secondary
Abilene Christian Wildcats,#4E2683,#C5C6C8
Academy of Art Urban Knights,#CC0000,#000000
Adams State Grizzlies,#124734,#231F20
Adamson Falconsaka Adamson Soaring Falcons,#1D3E79,transpa
Adelphi Panthers,#4F2C1D,#FFB500
Adrian Bulldogs,#000000,#ffc72c
Agnes Scott Scotties,#5F249F,transpa
Air Force Falcons,#00458C,#A0A3A5
Akron Zipsaka Akron Zippers,#041E42,#A89968
Alabama A&M Bulldogsaka Alabama A&M Lady Bulldogs,#660000,#000000
Alabama Crimson Tide,#9E1B32,transpa
Alabama State Hornets,#000000,#C99700
Alabama–Huntsville Chargersaka UAH Chargers,#003DA5,#29282A
Alaska Anchorage Seawolvesaka Alaska-Anchorage Seawolvesaka Alaska–Anchorage Seawolves,#00583D,#FFC425
Alaska Nanooksaka Alaska-Fairbanks Nanooks,#1E59AE,#FCD006
Albany Great Danesaka Albany Pedagogues,#46166B,#EEB211
Albany State Golden Rams,#0039A6,#EAAB00
Alberta Golden Bearsaka Alberta Pandas,#284E36,#F9B117
Albertus Magnus Falcons,#003DA5,#C1C6C8
Albion Britons,#512D6D,#EAAA00
Albright Lions,#BA0C2F,#010101
Alcorn State Bravesaka Alcorn State Lady Braves,#46166A,#E9A713
Alderson Broaddus Battlers,#003865,#FFB81C
Alfred Saxons,#550D8A,transpa
Alice Lloyd Eagles,#003865,#010101
Allegheny Gators,#0C2340,#FFC72C
Allen Yellow Jackets,#FFD100,#004C97
Alma Scots,#862633,#010101
Alvernia Golden Wolvesaka Alvernia Crusaders,#9B2743,#EAAA00
Alverno Inferno,#010101,#E4002B
America East Conference,#1D2247,#32B7E6
American Athletic Conferenceaka The American,#041E41,#E2231A
American Eaglesaka American University Eagles,#005099,#C4122E
American International Yellow Jacketsaka AIC Yellow Jackets,#000000,#FFB60F
American Midwest Conference,#003893,#D81E05
American University of Beirutaka AUB,#EE3524,#008A5E
Amherst Mammothsaka Amherst Lord Jeffs,#3F1F69,transpa
Anderson Ravens,#FE5000,#010101
Anderson Trojans,#010101,#8C714C
Angelo State Rams,#245397,#F0C33B
Anna Maria Amcats,#8A1538,#000000
Antelope Valley Pioneers,#001A72,#BA0C2F
Appalachian State Mountaineers,#222222,#FFCC00
Apprentice Buildersaka Apprentice School Builders,#7D2248,#010101
Aquinas Saints,#76232F,#C8C9C7
Arcadia Knights,#9D2235,#A2AAAD
Arizona Christian Firestormaka Arizona Christian Eagles,#DA291C,#F1B434
Arizona State Sun Devils,#8C1D40,#FFC627
Arizona Wildcats,#C10230,#00205C
Arkansas Razorbacks,#A41F35,transpa
Arkansas State Red Wolvesaka Arkansas State Indians,#CC092F,#000000
Arkansas Tech Wonder Boysaka Arkansas Tech Golden Suns,#00533E,#FFCE00
Arkansas-Pine Bluff Golden Lionsaka Arkansas-Pine Bluff Lady Lionsaka Arkansas–Pine Bluff Golden Lionsaka Arkansas–Pine Bluff Lady Lions,#000000,#EEB310
Arkansas–Fort Smith Lionsaka Arkansas-Fort Smith Lions,#002D56,#980038
Arkansas–Monticello Boll Weevilsaka Arkansas-Monticello Cotton Blossomsaka Arkansas–Monticello Cotton Blossomsaka Arkansas-Monticello Boll Weevils,#00965E,#000000
Armstrong State Piratesaka Armstrong State Lady Pirates,#6B212A,#FFC400
Army Black Knightsaka Army Cadets,#2C2A29,#D3BC8D
Asbury Eagles,#3C1053,#010101
Ashland Eagles,#5C068C,#FFC72C
Assumption Greyhounds,#005B99,#919693
Ateneo Blue Eagles,#003BAF,transpa
Atlantic Coast Conference,#013CA6,#A5A9AB
Atlantic Hockey Associationaka Atlantic Hockey,#12527e,#878c92
Atlantic Sun Conferenceaka ASUN Conference,#424449,#F3E500
Auburn Tigersaka Alabama Polytechnic Tigersaka Auburn Plainsmen,#03244d,#F26522
Auburn–Montgomery Warhawksaka Auburn-Montgomery Warhawks,#000000,#F04E39
Augsburg Auggies,#75263b,#747678
Augusta Jaguars,#002F55,#A5ACAF
Augustana College Vikings,#002F6C,#FFD100
Augustana University Vikingsaka Augustana Vikings,#002D62,#FFDD00
Aurora Spartans,#003591,#000000
Austin Kangaroos,#9D2235,#C69214
Austin Peay Governorsaka Austin Peay Lady Govsaka Austin Peay State Lady Govsaka Austin Peay State Governors,#BA0C2F,#000000
Ave Maria Gyrenes,#0a2240,#00833e
Averett Cougars,#0C2340,#FFB81C
Avila Eagles,#48176D,#8F7E34
Azusa Pacific Cougars,#990000,#000000
BYU–Hawaii Seasiders,#9E1B34,#AA800E
Babson Beavers,#006644,#000000
Bacone Warriors,#C8102E,#000000
Baker Wildcats,#1E2D50,#F4761D
Baldwin Wallace Yellow Jackets,#4E3629,#F1C400
Ball State Cardinals,#BA0C2F,#000000
Baltimore Super Bees,#007DB6,#FFB81C
Bard Raptorsaka Bard Blazers,#010101,#A2AAAD
Barry Buccaneers,#9D1C1F,#000000
Barton Cougars,#133C87,#B6985A
Baruch Bearcatsaka Baruch Statesmen,#00263E,#8BB8E8
Bates Bobcats,#B30838,#C4C6C8
Bay Path Wildcats,#76232F,#010101
Baylor Bearsaka Baylor Lady Bears,#154734,#FFB81C
Becker Hawks,#003087,transpa
Belhaven Blazers,#1D3C34,#FFD100
Bellarmine Knights,#660000,#CCCCCC
Bellevue Bruins,#523178,#DAAA00
Belmont Abbey Crusadersaka Belmont Abbey Lady Crusaders,#BA0C2F,#010101
Belmont Bruins,#00205B,#C8102E
Beloit Buccaneers,#CC8A00,#002855
Bemidji State Beavers,#004D44,#000000
Benedict Tigers,#4C145E,#F9D616
Benedictine Eagles,#ba0c2f,#FFFFFF
Benedictine Mesa Redhawksaka Benedictine Redhawks,#BA0C2F,#010101
Benedictine Ravens,#010101,#9D2235
Bentley Falcons,#000000,#004D99
Berea Mountaineers,#004B87,transpa
Berkley Knightsaka Berkley New York Knights,#1D4289,#010101
Berry Vikingsaka Berry Lady Vikings,#00205B,#9EA2A2
Bethany Bison,#115740,#010101
Bethany Lutheran Vikingsaka Bethany Vikings,#A6192E,#010101
Bethany Swedes,#0033A0,#FFD100
Bethel Pilots,#003DA5,#B2B4B2
Bethel Royals,#002f5f,#fdc900
Bethel Threshers,#9D2235,#898D8D
Bethel Wildcatsaka Bethel Lady Wildcats,#5F249F,#F1C400
Bethune–Cookman Wildcatsaka Bethune-Cookman Wildcats,#6F263D,#F2A900
Big 12 Conferenceaka Big 12,#EF483E,#CFD4D8
Big East Conference,#C8102E,#FFFFFF
Big Sky Conference,#005DAA,#70CDE3
Big South Conference,#0079C7,#EF7521
Big Ten Conference,#0088CE,#000000
Big West Conference,#2B265B,#8E2344
Binghamton Bearcatsaka Binghamton Colonials,#005A43,#000000
Biola Eagles,#E51636,#000000
Birmingham–Southern Panthersaka Birmingham-Southern,#000000,#BD8C00
Black Hills State Yellow Jackets,#006233,#FFC726
Blackburn Battlin' Beaversaka Blackburn Battlin Beavers,#E4002B,#010101
Bloomfield Bearsaka Bloomfield Lady Deaconsaka Bloomfield Deacons,#A4343A,#F3D03E
Bloomsburg Huskies,#6E121E,#FFDD00
Blue Mountain Toppers,#0C2340,#F0B323
Bluefield Ramblin' Ramsaka Bluefield Ramblin Rams,#00205B,#C8102E
Bluefield State Big Blues,#13294B,#B9975B
Bluffton Beavers,#512D6D,#010101
Bob Jones Bruins,#0C2340,#00A9E0
Boise State Broncos,#0033A0,#FA4616
Boston College Eagles,#8C2232,#DBCCA4
Boston University Terriers,#CC0000,#000000
Bowdoin Polar Bears,#000000,transpa
Bowie State Bulldogs,#FFCE00,#FFFFFF
Bowl Season,#BA0C2F,#A89968
Bowling Green Falcons,#4F2C1D,#FE5000
Bradley Braves,#A50000,#000000
Brandeis Judges,#002855,#C8C9C7
Brenau Golden Tigers,#010101,#EBBC4E
Brescia Bearcats,#004C97,#DAAA00
Brevard Tornadoesaka Brevard Lady Tornadoes,#003A70,#010101
Brewton–Parker Baronsaka Brewton–Parker Lady Wildcatsaka Brewton-Parker Wildcatsaka Brewton-Parker Lady Baronsaka Brewton-Parker Lady Wildcatsaka Brewton-Parker Baronsaka Brewton–Parker Lady Baronsaka Brewton–Parker Wildcats,#FE5000,#071D49
Briar Cliff Chargers,#00205B,#F2A900
Bridgeport Purple Knights,#440099,#010101
Bridgewater Eagles,#9D2235,#89734C
Bridgewater State Bears,#A6192E,#000000
Brigham Young University Cougarsaka Brigham Young Cougarsaka BYU Cougars,#002E5D,transpa
Brooklyn Bulldogsaka Brooklyn Kingsmenaka Brooklyn Kingswomenaka Brooklyn Bridges,#862041,#F1BE48
Brown Bears,#4E3629,#E03A3E
Bryant Bulldogsaka Bryant Indians,#231F20,#B09863
Bryant Lions,#9D2235,#1D1F2A
Bryn Athyn Lions,#ba0c2f,#000000
Bryn Mawr Owlsaka Bryn Mawr Mawrters,#FEDB00,#FFFFFF
Bucknell Bison,#003865,#EF5B0C
Buena Vista Beavers,#0C2340,#FFCD00
Buffalo Bullsaka Buffalo Bisonsaka Buffalo Royals,#005BBB,transpa
Buffalo State Bengals,#CC6600,#000000
Bushnell Beaconsaka Bushnell Crusaders,#041E42,#FFCD00
Butler Bulldogs,#13294B,#747678
CSU–Pueblo ThunderWolves,#00396A,#AD123A
Cabrini Cavaliersaka Cabrini Lady Cavaliers,#00205B,transpa
Cairn Highlandersaka Cairn Crimson Eagles,#6F263D,#010101
Cal Maritime Keelhaulers,#002855,#C99700
Cal Poly Mustangs,#003831,#FFE395
Cal Poly Pomona Broncos,#1E4D2B,#FFB81C
Cal State Bakersfield Roadrunners,#003594,#FFC629
Cal State Dominguez Hills Toros,#860038,#F0B310
Cal State East Bay Pioneers,#C70C2B,#FFFFFF
Cal State Fullerton Titans,#00274C,#FF7900
Cal State Los Angeles Golden Eagles,#000000,#FFCE00
Cal State Monterey Bay Otters,#002A4E,#9E8B50
Cal State Northridge Matadorsaka CSUN Matadors,#CE1126,#000000
Cal State San Bernardino Coyotes,#0065BD,#000000
Cal State San Marcos Cougars,#007AC3,#35B7E9
Cal Tech Beavers,#FF6720,#010101
Caldwell Cougars,#C8102E,#89734C
Calgary Dinos,#E30C00,#FFCC00
California Baptist Lancers,#002554,#A37400
California Golden Bears,#041E42,#FFC72C
California Lutheran Kingsmenaka Cal Lutheran Regalsaka Cal Lutheran Kingsmenaka California Lutheran Regals,#2E1A47,#F1C400
California Vulcans,#DA291C,#27251F
Calumet Crimson Wave,#76232F,#545859
Calvin Knightsaka Calvin Lady Knights,#93282C,#F2CD00
Cameron Aggies,#000000,#FFC425
Campbell Fighting Camelsaka Campbell Lady Camels,#1E252B,#EA7125
Campbellsville Tigersaka Campbellsville Lady Tigers,#862633,#B1B3B3
Canisius Golden Griffins,#0E2756,#FFBA00
Capital Crusaders,#330072,#53565A
Cardinal Stritch Wolvesaka Cardinal Stritch Red Devilsaka Cardinal Stritch Crusaders,#6C1D45,#A2AAAD
Carleton Knights,#0B5091,#F3B61D
Carleton Ravens,#00000D,#E31936
Carlisle Indians,#AE0F0B,#CFB53B
Carlow Celtics,#3C1053,#F1C400
Carnegie Tech Tartansaka Carnegie Mellon Tartans,#990000,#464646
Carroll Fighting Saintsaka Carroll Lady Saints,#330072,#CEB888
Carroll Pioneers,#E35205,#0C2340
Carson–Newman Eaglesaka Carson-Newman Eaglesaka Carson–Newman Lady Eaglesaka Carson-Newman Lady Eagles,#FF6720,#0C2340
Carthage Big Redaka Carthage Lady Reds,#C8102E,#010101
Case Western Reserve Spartans,#0A304E,#626262
Castleton Spartans,#00563B,#A4B3BB
Catawba Indians,#049900,#C21630
Catholic University Cardinals,#990000,#000000
Cazenovia Wildcats,#00205B,#FFCD00
Cedar Crest Falconsaka Cedar Crest Classics,#FFC72C,#010101
Cedarville Yellow Jackets,#00263E,#F2A900
Centenary Cyclones,#051C2C,#63666A
Centenary Gentlemenaka Centenary Gentsaka Centenary Ladies,#8A2432,#000000
Central Arkansas Bearsaka Central Arkansas Sugar Bears,#4F2D7F,#818A8F
Central Baptist Mustangs,#003DA5,#A6A6A6
Central Christian Tigers,#003087,#FFB81C
Central Collegiate Hockey Associationaka CCHA,#143159,#d12030
Central Connecticut Blue Devils,#1A4784,#C9CED1
Central Dutchaka Central Flying Dutchmenaka Central Flying Dutch,#E4002B,#C8C9C7
Central Florida Knights of Pegasusaka Central Florida Lady Knights,#B3A369,#010101
Central Methodist Eaglesaka Central Methodist Lady Eagles,#006341,#010101
Central Michigan Chippewas,#6A0032,#FFC82E
Central Missouri Mulesaka Central Missouri Jennies,#CF202E,#000000
Central Oklahoma Bronchos,#003366,#FFCC00
Central State Marauders,#71273D,#FFCB00
Central Washington Wildcats,#AB0032,#2C2A29
Centre Colonelsaka Centre Praying Colonels,#000000,#FFCC00
Chadron State Eagles,#660033,#000000
Chaminade Silverswords,#004990,#5E6E66
Chapman Panthers,#862633,#A2AAAD
Charleston Golden Eagles,#992244,#FFD200
Charleston Southern Buccaneers,#002855,#A89968
Charlotte 49ers,#005035,#A49665
Chatham Cougars,#735990,#a5aaa8
Chattanooga Mocsaka Chattanooga Lady Mocs,#00386B,#E0AA0F
Chestnut Hill Griffins,#E4002B,#FED141
Cheyney Wolves,#0D3E70,#231F20
Chicago Maroons,#800000,transpa
Chicago State Cougars,#006666,#000000
Chico State Wildcats,#952945,#AAAAAB
Chowan Hawksaka Chowan Bravesaka Chowan Lady Braves,#003087,#041E42
Christian Brothers Buccaneers,#CC092F,#A49791
Christopher Newport Captains,#0039A6,#84888B
Cincinnati Bearcats,#E00122,#000000
Citadel Bulldogsaka The Citadel Bulldogs,#1F3A60,#3975B7
City College of New York Beaversaka New York College Beaversaka CCNY Beavers,#7d55c7,#595959
Claflin Panthers,#000000,#CC3727
Claremont McKenna Stags,#862633,#EAAA00
Clarion Golden Eagles,#003366,#97824A
Clark Atlanta Panthers,#CE1126,#000000
Clark Cougars,#cc0000,#939598
Clarke Prideaka Clarke Crusaders,#0C2340,#FFCD00
Clarks Summit Defendersaka Clarks Summit Lady Defendersaka Coastal Georgia Lady Mariners,#003DA5,#010101
Clarkson Golden Knights,#03522B,#FFD204
Clayton State Lakers,#092C74,#FC6719
Cleary Cougars,#9D2235,#0C2340
Clemson Tigersaka Clemson Lady Tigers,#F56600,#522D80
Cleveland State Vikings,#006A4D,#000000
Clinton Golden Bears,#010101,#9B2743
Coastal Carolina Chanticleers,#006F71,#A27752
Coastal Georgia Mariners,#0077C8,#003B5C
Coe Kohawks,#93282C,#CBA052
Coker Cobras,#002855,#FFC72C
Colby Mules,#002878,#E3D7D1
Colby–Sawyer Chargersaka Colby-Sawyer Chargers,#0085CA,#010101
Colgate Raidersaka Colgate Red Raiders,#821019,#000000
College Football Playoff,#000000,#C9920E
College of Charleston Cougarsaka Charleston Cougars,#76232F,#C5B783
Colonial Athletic Associationaka CAA,#002469,#BA9E66
Colorado A&M Aggies,#006A4D,#D9782D
Colorado Buffaloes,#000000,#CFB87C
Colorado Christian Cougars,#00416B,#FED925
Colorado College Tigers,#000000,#EFAB1E
Colorado Mesa Mavericks,#5D0022,#FED103
Colorado Mines Orediggers,#21314D,#B2B4B3
Colorado State Rams,#006A4D,#B3A369
Colorado–Colorado Springs Mountain Lionsaka UCCS Mountain Lions,#000000,#CFB87C
Columbia Cougars,#002855,#9EA2A2
Columbia Fighting Koalas,#582C83,#888B8D
Columbia Lions,#99CAEA,#183863
Columbus State Cougars,#003359,#C60C30
Concord Mountain Lionsaka Concord Lady Lions,#862633,#768692
Concordia Bulldogs,#002855,#898D8D
Concordia Cardinals,#C8102E,#010101
Concordia Cavaliers,#003E7E,transpa
Concordia Clippersaka Concordia Lady Clippers,#001489,#FFCD00
Concordia Cobbersaka Concordia Moorhead Cobbersaka Concordia (Moorhead) Cobbers,#7D0042,#FFCF46
Concordia Cougars,#9D2235,#FFC72C
Concordia Eagles,#215732,#FFCD00
Concordia Falconsaka Concordia Wisconsin Falcons,#005596,#faa634
Concordia Golden Bears,#002F65,#DEB407
Concordia Tornadosaka Concordia Stags,#582C83,#FED141
Conference USAaka C-USA,#003865,#A6192E
Connecticut College Camels,#002F5F,#9EC3DE
Connecticut Huskiesaka UConn Huskies,#000E2F,#E4002B
Converse Valkyriesaka Converse All–Stars,#3C1053,#DAAA00
Coppin State Eagles,#003056,#FFC915
Corban Warriors,#041E42,#F2A900
Cornell Big Red,#B31B1B,#222222
Cornell Rams,#523178,#010101
Cornerstone Golden Eaglesaka Cornerstone Comets,#13294B,#D9C89D
Cortland Red Dragonsaka Cortland State Red Dragons,#B91000,#000000
Cottey Comets,#3A5DAE,#FBDB65
Cotton Bowl Classic,#263764,#FDE71E
Covenant Fighting Scotsaka Covenant Lady Scots,#003DA5,#002855
Creighton Bluejays,#00235D,#005CA9
Crowley's Ridge Pioneers,#115740,#010101
Crown Stormaka Crown Royal Crusaders,#3C1053,#75787B
Culinary Institute of America Steels,#22693a,transpa
Culver–Stockton Wildcatsaka Culver-Stockton Wildcats,#003594,#010101
Cumberland Phoenixaka Cumberland Bulldogs,#98002E,#000000
Cumberlands Patriotsaka Cumberlands Indiansaka Cumberlands Lady Indiansaka Cumberlands Redhounds,#BA0C2F,#D0D3D4
Curry Colonels,#462c8d,#000000
D'Youville Saintsaka D'Youville Spartans,#B02424,#FFFFFF
Daemen Wildcatsaka Daemen Warriorsaka Daemen Demonsaka Daemen Golden Warriors aka Rosary Hill Angels,#0000FF,transpa
Dakota State Trojansaka Dakota State Lady T's,#003B5C,#00A9E0
Dakota Wesleyan Tigers,#004C97,#C1C6C8
Dallas Baptist Patriots,#0B1F2C,#C41230
Dallas Crusaders,#003A70,transpa
Dalton State Roadrunners,#00263A,#5B6770
Dartmouth Big Greenaka Dartmouth Indians,#00693E,#000000
Davenport Panthers,#D5160C,#000000
Davidson Wildcats,#000000,#BF0C26
Davis & Elkins Senatorsaka Davis and Elkins Senators,#C8102E,#010101
Davis Falconsaka Davis Lacy Swordsmenaka Davis Swordsmen,#5F249F,#010101
Dayton Flyers,#002F87,#D70036
De La Salle Green Archers,#00703C,transpa
DePaul Blue Demons,#054696,#E4002B
DePauw Tigers,#111C24,#FFCF01
DeSales Bulldogsaka DeSales Centaurs,#BA0C2F,#002855
Dean Bulldogsaka Dean Red Demons,#862633,#010101
Defiance Yellow Jacketsaka Defiance Lady Jackets,#512D6D,#F3DD6D
Delaware Fightin' Blue Hens,#00539F,#FFD200
Delaware State Hornets,#EE3124,#0099CC
Delaware Valley Aggies,#215732,#010101
Delta State Statesmenaka Delta State Lady Statesmen,#00753E,#000000
Denison Big Red,#A6192E,#010101
Denver Pioneers,#8B2332,#8B6F4B
Detroit Mercy Titansaka Detroit Titans,#A6093D,#002D72
Dickenson Red Devils,#DA291C,#010101
Dickenson State Blue Hawksaka Dickenson State Blue Chicks,#002D72,#C0C0C0
Dillard Bleu Devilsaka Dillard Lady Bleu Devilsaka Dillard Lady Blue Devilsaka Dillard Blue Devils,#003594,#B2B4B2
District of Columbia Firebirdsaka DC Lady Firebirdsaka DC Greenwaveaka District of Columbia Lady Firebirds,#76232F,#F1BE48
Dixie State Trailblazers,#BA1C21,#002649
Doane Tigers,#FF7900,#000000
Dominican Chargers,#010101,#C8102E
Dominican Penguinsaka Dominican Hounds,#000000,#FFB81D
Dominican Starsaka Dominican Rebels,#002855,#010101
Dort Defenders,#010101,#C69214
Drake Bulldogs,#003B73,#B2B4B3
Drew Rangers,#0C2340,#154734
Drexel Dragons,#07294D,#FFC600
Drury Panthers,#E31837,#6A737B
Dubuque Spartans,#002D72,#999999
Duke Blue Devilsaka Trinity Blue and White,#013088,transpa
Duquesne Dukes,#041E42,#BA0C2F
ECAC Hockey,#005189,#d40843
Earlham Quakers,#861F41,transpa
East Carolina Pirates,#582C83,#FFC72C
East Central Tigers,#000000,#FF5200
East Stroudsburg Warriors,#DB0436,#000000
East Tennessee State Buccaneersaka East Tennessee State Lady Buccaneers,#041E42,#FFC72C
East Texas Baptist Tigers,#081f2c,#ecbc00
Eastern Arizona Gila Monsters,#340265,transpa
Eastern Illinois Panthers,#003399,#B2B2B2
Eastern Kentucky Colonels,#4C151E,#B5B5B5
Eastern Michigan Eaglesaka Eastern Michigan Hurons,#046A38,#000000
Eastern New Mexico Greyhounds,#006633,#A7A9AC
Eastern Washington Eagles,#A10022,#000000
Edinboro Fighting Scots,#BB131A,#808080
Elmira Soaring Eagles,#3f1e6b,#86754d
Elon Phoenix,#73000A,#B59A57
Embry–Riddle Eaglesaka Embry-Riddle Eagles,#00549A,#FFCD4D
Emory & Henry Waspsaka Emory and Henry Wasps,#1B3D75,#D5AD28
Emory Eagles,#002878,#D28E00
Emporia State Hornetsaka Emporia State Lady Hornets,#231F20,#BB8D0A
Endicott Gulls,#00325b,#007c5a
Erskine Flying Fleet,#9C1C1F,#FFD65D
Evansville Purple Aces,#4C2683,#F68B1F
FEU Tamarawsaka FEU-D Baby Tamaraws,#006400,#FFD700
FIU Panthersaka Florida International Golden Panthersaka Florida International Panthersaka FIU Golden Panthers,#081E3F,#B6862C
Fairfield Stags,#E0143E,#231F20
Fairleigh Dickinson Knights,#B30838,#005596
Fayetteville State Broncosaka Fayetteville State Lady Broncos,#0067B1,transpa
Ferris State Bulldogs,#BA0C2F,#FFD043
Fiesta Bowl,#D91A32,#FFDE00
Findlay Oilers,#000000,#F47920
Finlandia Lions,#0060a9,#c0c2c4
Fitchburg State Falcons,#00563F,#E9AF2F
Flagler Saints,#A52238,#F4811F
Florida A&M Rattlersaka Florida A&M Lady Rattlers,#008344,#F4811F
Florida Atlantic Owlsaka FAU Owls,#003366,#CC0000
Florida Gators,#003087,#FA4616
Florida Gulf Coast Eagles,#004785,#00794C
Florida Southern Moccasins,#0060A9,#E03A3E
Florida State Seminoles,#782F40,#CEB888
Florida Tech Panthers,#770000,#9DA0A0
Fordham Rams,#700429,#838070
Fort Hays State Tigers,#000000,#FDB913
Fort Lewis Skyhawks,#000066,#FFCC33
Fort Valley State Wildcats,#003087,#EAAA00
Fort Wayne Mastodonsaka IPFW Mastodons,#003F87,#9B9B9C
Framingham State Rams,#EBAB00,transpa
Francis Marion Patriots,#193A80,#BB1A1A
Franklin Pierce Ravens,#A91938,#6D6E71
Fresno Pacific Sunbirds,#001F55,#FC5D00
Fresno State Bulldogs,#CC0033,#00235D
Friends Falcons,#AB0635,#444F51
Furman Paladinsaka Furman Hornetsaka Furman Purple Hurricane,#582C83,#A7A8AA
Gallaudet Bison,#002A5C,#CFAB7A
Gannon Golden Knights,#960A2C,#F9A72B
Gardner–Webb Runnin' Bulldogs,#A6192E,#000000
George Fox Bruins,#081E3F,#BC9C16
George Mason Patriots,#006633,#FFCC33
George Washington Colonials,#00264A,#E5D19D
Georgetown Hoyas,#041E42,#AFA9A0
Georgetown Tigers,#000000,#FF6600
Georgia Bulldogsaka Georgia Lady Bulldogsaka Georgia Gymdogs,#BA0C2F,#000000
Georgia College Bobcats,#003399,#006633
Georgia Southern Eagles,#011E41,#87714D
Georgia Southwestern State Hurricanes,#1C3F7B,#C69E29
Georgia State Panthers,#0039A6,#CC0000
Georgia Tech Yellow Jacketsaka Georgia Tech Golden Tornadoaka Georgia Tech Engineers,#B3A369,#003057
Gonzaga Bulldogs,#041E42,#C8102E
Gordon Fighting Scots,#003882,#00FFFF
Graceland Yellowjackets,#00275C,#FFCB0B
Grambling State Tigers,#000000,#ECAA00
Grand Canyon Antelopes,#522398,#000000
Grand Valley State Lakers,#0033A0,#000000
Grantham Talons,#003366,transpa
Great American Conference,#002B5C,#B5121B
Great Lakes Intercollegiate Athletic Conference,#1D3D66,#5C8DC6
Great Midwest Athletic Conference,#005288,#000000
Great Plains Athletic Conference,#670000,#BDB193
Green Bay Phoenixaka UW-Green Bay Phoenix,#006A4D,#183029
Grinnell Pioneers,#000000,#DA291C
Gustavus Adolphus Gustiesaka Gustavus Adolphus Golden Gusties,#000000,#FFCF00
Hamilton Continentals,#002f86,#d6ba8b
Hamline Pipers,#95021e,#BFB9B6
Hampden–Sydney Tigersaka Hampden-Sydney Tigers,#9D183D,#B1B7BB
Hampton Pirates,#265198,#A0A0A2
Harding Bisons,#000000,#CBB778
Hardin–Simmons Cowboysaka Hardin-Simmons Cowgirlsaka Hardin-Simmons Cowboys,#581483,#FFC72C
Hartford Hawks,#C02427,#000000
Hartwick Hawks,#0033A1,#000000
Harvard Crimson,#A31F36,#2C2A29
Haverford Fords,#9D2235,#000000
Hawaii Pacific Sharks,#007298,#71B1C8
Hawaii Rainbow Warriorsaka Hawaii Warriorsaka Hawaii Rainbowsaka Hawaii Rainbow Wahine,#024731,#000000
Hawaii–Hilo Vulcansaka Hawaii-Hilo Vulcans,#D81E05,#000000
Heart of America Athletic Conference,#002D72,#E8000D
Henderson State Reddiesaka Henderson-Brown Reddies,#A91D36,#000000
High Point Panthers,#330072,#818183
Hilbert Hawks,#0071CE,#FFC629
Hillsdale Chargers,#004678,#ABADBC
Hobart Statesmen,#472663,#FF6418
Hockey East Associationaka Hockey East,#003882,transpa
Hofstra Pride,#003591,#FDC82F
Holy Cross Crusaders,#602D89,#AEB2B5
Holy Names Hawks,#C70021,#B0B0B0
Houston Baptist Huskies,#00529C,#F85512
Houston Cougars,#C92A39,#B8B9B7
Howard Bison,#003A63,#E51937
Humboldt State Lumberjacks,#046A38,#FFC72C
Hutchinson Blue Dragons,#D9293E,#004693
IUP Crimson Hawks,#9E1B32,#A2A5A4
IUPUI Jaguars,#990000,#F1BE48
Idaho State Bengals,#F47920,#000000
Idaho Vandals,#F1B300,#808080
Illinois College Blueboysaka Illinois College Lady Blues,#004A77,#828A93
Illinois Fighting Illini,#13294B,#E84A27
Illinois State Redbirds,#CE142B,#000000
Incarnate Word Cardinals,#CB333B,#000000
Independence Bowl,#211747,#AB2328
Indiana Hoosiers,#990000,#EDEBEB
Indiana State Sycamores,#0C4C91,#D0D0CE
Indiana Tech Warriors,#FA4616,#000000
Indianapolis Greyhounds,#9D2136,#C0BFBA
Iona Gaels,#661E2B,#EAAF0F
Iowa Hawkeyes,#000000,#FCD116
Iowa State Cyclones,#822433,#FDC82F
Ithaca Bombers,#003B71,#FFBB00
Ivy League,#01563F,transpa
Jackson State Tigers,#002147,#898D8D
Jacksonville Dolphins,#004E42,#C5B783
Jacksonville State Gamecocks,#CC0000,#000000
James Madison Dukes,#450084,#CBB677
John Carroll Blue Streaks,#28334A,#B9975B
Johns Hopkins Blue Jays,#68ACE5,#000000
Johnson & Wales Wildcatsaka Johnson and Wales Wildcats,#004680,#EAAA00
Johnson C. Smith Golden Bulls,#002D56,#FFCF01
Kansas City Roosaka UMKC Kangaroos,#004B87,#FFC72C
Kansas Jayhawks,#0051BA,#E8000D
Kansas State Wildcatsaka Kansas State Aggies,#512888,#A7A7A7
Kansas Wesleyan Coyotes,#582C83,#FFC72C
Kean Cougars,#003057,#7C878E
Keene State Owls,#C60C30,#000000
Kennesaw State Owls,#0B1315,#FDBB30
Kent State Golden Flashes,#002664,#EFAB00
Kentucky State Thorobredsaka Kentucky State Thorobrettes,#046A38,#FFD100
Kentucky Wildcatsaka Kentucky State College Wildcats,#0033A0,#C8C9C7
King's Monarchs,#CC0033,#000000
Kutztown Golden Bears,#782F40,#A49473
LIU Brooklyn Blackbirdsaka Long Island Blackbirds,#231F20,#8A8D8F
LIU Post Pioneers,#0E553f,#EDAA00
LIU Sharksaka Long Island Sharks,#69B3E7,#FFC72C
LSU Tigersaka Louisiana State Tigersaka LSU–Alexandria Generalsaka LSU Lady Tigers,#461D7C,#FDD023
La Salle Explorers,#003057,#F1C400
Lafayette Leopards,#910029,#000000
Lake Erie Storm,#113D2A,#000000
Lake Forest Foresters,#c8102e,#8b784a
Lake Superior State Lakers,#003F87,#FFC61E
Lamar Cardinalsaka Lamar Lady Cardinals,#E31937,#000000
Lander Bearcats,#235782,#F8E463
Lane Dragons,#000080,#990000
Langston Lions,#1B3668,#F2682A
Lawrence Vikings,#003D6A,#231F20
Le Moyne Dolphins,#00452A,#FFF30D
LeMoyne–Owen Magiciansaka LeMoyne-Owen Magicians,#421383,#988344
Lebanon Valley Flying Dutchmen,#00305C,#B2B4B3
Lee Flames,#0D233F,#6F263D
Lehigh Mountain Hawks,#653819,#C2A875
Lewis Flyers,#ED174D,#000000
Liberty Flamesaka Liberty Baptist Flamesaka Liberty Lady Flamesaka Lynchburg Baptist Flames,#0A254E,#990000
Limestone Saints,#0033A1,#FDE021
Lincoln Blue Tigers,#211C41,#929396
Lincoln Memorial Railsplitters,#002461,#D1D1CC
Lindenwood Lionsaka Lindenwood Lady Lions,#000000,#DCD087
Lipscomb Bisonsaka Lipscomb Lady Bisons,#331E54,#F4AA00
Little Rock Trojansaka Arkansas-Little Rock Trojansaka UALR Trojansaka Arkansas–Little Rock Trojans,#6E2639,#A7A9AC
Lock Haven Bald Eagles,#7A0026,#231F20
Lone Star Conference,#002169,#E1251B
Long Beach State Beachaka Long Beach State Dirtbagsaka Long Beach State Athleticsaka Long Beach State 49ers,#000000,#ECAA00
Longwood Lancers,#041E42,#9EA2A2
Louisiana Tech Bulldogs,#003087,#CB333B
Louisiana Tech Lady Techsters,#69B3E7,#CB333B
Louisiana–Lafayette Ragin' Cajunsaka Louisiana-Lafayette Ragin' Cajunsaka Louisiana Ragin' Cajunsaka Southwestern Louisiana Bulldogsaka Southwestern Louisiana Ragin' Cajuns,#CE181E,#0A0203
Louisiana–Monroe Warhawksaka Northeast Louisiana State Indiansaka Louisiana-Monroe Indiansaka ULM Warhawksaka Louisiana-Monroe Warhawksaka Northeast Louisiana Indiansaka Louisiana–Monroe Indians,#840029,#FDB913
Louisville Cardinals,#C9001F,#000000
Lourdes Gray Wolves,#B94700,#000000
Loyola Greyhounds,#00694E,#CACAC8
Loyola Marymount Lions,#AB0C2F,#0076A5
Loyola Ramblers,#582931,#FDB913
Loyola Wolf Packaka Loyola Wolfpack,#660000,#F4AA00
Lubbock Christian Chaparralsaka Lubbock Christian Lady Chaps,#10147E,#F20017
MIT Engineers,#A31F34,#8A8B8C
MSOE Raidersaka Milwaukee School of Engineering Raiders,#ba122b,#000000
Macalester Scots,#01426A,#D44420
Maine Black Bears,#003263,#B0D7FF
Malone Pioneers,#003E7E,#C41230
Manhattan Jaspersaka Manhattan Lady Jaspers,#00703C,#A39161
Manhattanville Valiants,#A60438,#000000
Manitoba Bisons,#562E18,#B6985E
Mansfield Mountaineers,#D3103E,#231F20
Marian Knights,#031E51,#FDB813
Marian Sabresaka Marian Sabers,#003da5,#000000
Marist Red Foxes,#C8102E,#231F20
Marquette Golden Eaglesaka Marquette Golden Avalancheaka Marquette Warriors,#003366,#FFCC00
Marshall Thundering Herd,#00B140,#231F20
Martin Methodist RedHawks,#A6192E,#A28E2A
Mary Marauders,#00539B,#F58426
Maryland Eastern Shore Hawksaka UMES Hawks,#822433,#8B8D8E
Maryland Terrapins,#E21833,#FFD200
Maryville Saints,#C8102E,#2C2A29
Massachusetts College of Liberal Arts Trailblazersaka MCLA Trailblazers,#25408f,#a3b86a
Massachusetts Maritime Academy Buccaneersaka Massachusetts Maritime Buccaneers,#002066,#ffd527
McDaniel Green Terror,#00674D,#F6D016
McGill Redbirdsaka McGill Redmenaka McGill Martlets,#CD202C,#000000
McKendree Bearcats,#470A68,#B7970C
McNeese State Cowboysaka McNeese State Cowgirls,#00529B,#FFD204
McPherson Bulldogs,#CC0000,#000000
Memphis Tigersaka Memphis State Tigers,#003087,#898D8D
Mercer Bearsaka Mercer Baptists,#000000,#CB5307
Mercyhurst Lakers,#006633,#003366
Merrimack Warriors,#003768,#F1C400
Metro Atlantic Athletic Conference,#004FA3,#E03A3E
Metro State Roadrunners,#00447C,#D11242
Miami Hurricanes,#005030,#F05A00
Miami RedHawksaka Miami Redskins,#B61E2E,#000000
Michigan State Spartansaka Michigan Agricultural Aggies,#173F35,transpa
Michigan Tech Huskies,#000000,#FFCD00
Michigan Wolverines,#00274C,#FFCB05
Mid-America Intercollegiate Athletics Associationaka The MIAA,#003E7E,#D21242
Mid-American Conference,#0C2950,#00A363
MidAmerica Nazarene Pioneers,#071D49,#BF0D3E
Middle Tennessee State Blue Raidersaka Middle Tennessee Blue Raiders,#0066CC,#000000
Middlebury Panthers,#003882,transpa
Midwestern State Mustangs,#862633,#EAAA00
Miles Golden Bears,#580D69,#E2D000
Millersville Marauders,#000000,#EEB111
Millsaps Majors,#330066,#CCCCCC
Milwaukee Panthers,#222222,#FFB81C
Minnesota Golden Gophers,#862334,#FBB93C
Minnesota Intercollegiate Athletic Conferenceaka MIAC,#006241,#009BDE
Minnesota Morris Cougars,#8C1919,#E19B14
Minnesota State Mavericksaka MSU-Mankato Mavericksaka Minnesota State–Mankato Mavericksaka Mankato State Mavericks,#480059,#F7E400
Minnesota State–Moorhead Dragons,#A6192E,#2D2926
Minnesota–Crookston Golden Eaglesaka Minnesota Crookston Golden Eaglesaka Minnesota-Crookston Golden Eagles,#7A0019,#FFCC33
Minnesota–Duluth Bulldogsaka Minnesota Duluth Bulldogs,#7A0019,#FFCC33
Minot State Beavers,#006341,#CC0033
Mississippi College Choctaws,#003057,#F2A900
Mississippi State Bulldogsaka Mississippi A&M Aggiesaka Mississippi State Maroons,#5D1725,transpa
Mississippi Valley State Delta Devilsaka Mississippi Valley State Devilettes,#046A38,#C8102E
Missouri S&T Miners,#154734,#CEB888
Missouri Southern Lions,#00693E,#F5CF47
Missouri State Bearsaka Missouri State Lady Bears,#5E0009,#0A141E
Missouri Tigers,#000000,#F1B82D
Missouri Valley Conferenceaka Missouri Valley Football Conference,#DF3742,#003876
Missouri Western Griffons,#000000,#FFC700
Monmouth Hawks,#041E42,#A5A9AD
Montana Grizzliesaka Montana Lady Griz,#660033,#999999
Montana State Billings Yellowjackets,#002F5F,#F0B310
Montana State Bobcats,#00205B,#BF995B
Montana Tech Orediggers,#315338,#995339
Montevallo Falcons,#49176D,#FFC423
Morehead State Eagles,#005EB8,#FFCF00
Morehouse Maroon Tigers,#891E31,#000000
Morgan State Bearsaka Morgan State Lady Bears,#002D74,#FF4E00
Morrisville State Mustangsaka Morrisville Mustangsaka SUNY Morrisville Mustangs,#004730,#00966C
Mount Mercy Mustangs,#003768,#FFDD00
Mount St. Mary's Mountaineers,#002F6C,#84754E
Mount Union Purple Raiders,#661C78,#000000
Mountain West Conference,#4F2D7F,#AFAFAF
Murray State Racersaka Murray State Thoroughbreds,#002144,#ECAC00
Music City Bowl,#131C43,#6EABDD
"NAIAaka National Association of Intercollegiate Athletics",#004990,#D52130
NC State Wolfpackaka North Carolina State Wolfpackaka North Carolina A&M Aggies,#CC0000,#000000
NCAA Division Iaka NCAA Division IIIaka National Collegiate Athletic Association,#009CDE,#000000
NCAA Division II,#009CDE,#000000
NJIT Highlanders,#CC0000,#071D49
NU Bulldogs,#373C96,#D9B638
NYIT Bears,#242C39,#F2AF31
NYU Violetsaka New York University Violets,#57068C,#000000
National Collegiate Hockey Conferenceaka NCHC,#b5121b,#002b54
Navy Midshipmen,#00225B,#B4A67C
Nazareth Golden Flyers,#4b375e,#d4a66d
Nebraska Cornhuskers,#E41C38,#FDF2D9
Nebraska–Kearney Lopers,#002F6C,#CC8A00
Neumann Knights,#003466,#FFD102
Nevada Wolf Packaka Nevada Sagebrushers,#003366,#999999
New England College Pilgrimsaka New England Pilgrims,#000F30,#A0A5A8
New England Nor'eastersaka New England Noreastersaka U of New England Nor'eastersaka University of New England Nor'eastersaka U of New England Noreastersaka University of New England Noreasters,#003882,#000000
New Hampshire Wildcats,#041E42,#BBBCBC
New Haven Chargers,#004B8D,#FFC425
New Mexico Highlands Cowboysaka New Mexico Highlands Cowgirls,#502D7F,#B2B5B6
New Mexico Lobos,#BA0C2F,#A7A8AA
New Mexico State Aggies,#891216,#CCCCCC
New Orleans Privateersaka UNO Privateers,#005CA6,#A3A9AD
Newman Jets,#051C48,#B32D33
Niagara Purple Eagles,#582C83,#C7C8CA
Nicholls State Colonelsaka Nicholls Colonels,#C41230,#B2B2B2
Nichols Bison,#000000,#007A5F
Norfolk State Spartans,#007A53,#F2A900
North Alabama Lions,#46166B,#B5A268
North Carolina A&T Aggies,#004684,#FDB927
North Carolina Central Eagles,#862633,#898D8D
North Carolina Tar Heels,#7BAFD4,#13294B
North Dakota Fighting Hawksaka North Dakota Fighting Siouxaka North Dakota,#009A44,#000000
North Dakota State Bison,#005643,#FFC82E
North Florida Ospreys,#00246B,#D9D9D9
North Georgia Nighthawks,#002F87,#FFC82E
North Greenville Crusaders,#000000,#D60036
North Texas Mean Greenaka North Texas Eagles,#00853E,#000000
Northeast Conference,#0D67A4,#000000
Northeastern Huskies,#D41B2C,#000000
Northeastern State RiverHawks,#276444,#999999
Northern Arizona Lumberjacks,#003466,#FFD200
Northern Colorado Bearsaka Colorado State College Bearsaka Colorado State Bears,#013C65,#F6B000
Northern Illinois Huskiesaka NIU Huskies,#BA0C2F,#27251F
Northern Iowa Panthers,#4B116F,#FFCC00
Northern Kentucky Norse,#000000,#FFC82E
Northern Michigan Wildcats,#095339,#FFC425
Northern State Wolves,#990033,#FFCC66
Northland Lumberjacksaka Northland Lumberjills,#DC4405,#003057
Northwest Missouri State Bearcats,#006A4E,#BABBBC
Northwest Nazarene Nighthawksaka Northwest Nazarene Crusaders,#B51946,#000000
Northwestern Oklahoma State Rangers,#000000,#CC092F
Northwestern State Demonsaka Northwestern State Lady Demons,#492F92,#F78426
Northwestern Wildcats,#4E2A84,#000000
Northwood Timberwolves,#093161,#0080C3
Norwich Cadets,#87212e,#907C4B
Notre Dame Fighting Irish,#0C2340,#C99700
Notre Dame de Namur Argonauts,#003263,#DAC792
Nova Southeastern Sharks,#003893,#666D70
Oakland Golden Grizzlies,#000000,#B59A57
Oberlin Yeomen,#CF102D,#FFC72C
Occidental Tigers,#000000,#FF671F
Oglethorpe Stormy Petrels,#000000,#FFDD00
Ohio Bobcats,#00694E,transpa
Ohio Dominican Panthers,#000000,#FFC72C
Ohio State Buckeyes,#CE0F3E,#A9AFB3
Ohio Valley Conference,#A51341,#D0A675
Oklahoma Baptist Bison,#255F2B,#FCAF17
Oklahoma Christian Eagles,#660000,#CCCCCC
Oklahoma City Stars,#004B87,#000000
Oklahoma Panhandle State Aggies,#001F5B,#CF0A2C
Oklahoma Sooners,#841617,#DDCBA4
Oklahoma State Cowboysaka Oklahoma A&M Aggiesaka Oklahoma A&M Cowboysaka Oklahoma State Cowgirls,#FE5C00,#000000
Oklahoma Wesleyan Eagles,#071D49,#9D2235
Old Dominion Monarchsaka Old Dominion Lady Monarchs,#003767,#95999C
Ole Miss Rebelsaka Mississippi Rebelsaka Mississippi Flood,#14213D,#CE1126
Omaha Mavericksaka UNO Mavericksaka Nebraska–Omaha Mavericks,#000000,#D71920
Oral Roberts Golden Eagles,#002F60,#CFB67C
Orange Bowl,#F47B2A,#003764
Oregon Ducksaka Oregon Webfoots,#036936,#FEE11A
Oregon State Beaversaka Oregon Agricultural Aggies,#D73F09,#000000
Ottawa Braves,#000000,#FFBE29
Ottawa Gee-Gees,#651D32,#A7A8AA
Ouachita Baptist Tigers,#552988,#FFC627
Pac-12 Conferenceaka Pacific-12 Conference,#004B91,#000007
Pace Setters,#00337F,#FFC61E
Pacific Tigers,#000000,#F47920
Pacific West Conference,#4196B4,#000000
Paine Lions,#59178A,transpa
Patriot League,#15366F,#ED192D
Peach Bowl,#00549E,#E31837
Penn Quakersaka Pennsylvania Quakers,#011F5B,#990000
Penn State Nittany Lionsaka Penn State Lady Lions,#001E44,transpa
Pennsylvania State Athletic Conference,#003DA5,#A2AAAD
Pepperdine Waves,#00205C,#EE7624
Peru State Bobcats,#0D4D92,#D3D3D3
Pittsburg State Gorillas,#CC0C2F,#FCD116
Pittsburgh Panthersaka Pitt Panthers,#003594,#FFB81C
Pittsburgh–Johnstown Mountain Catsaka Pitt-Johnstown Mountain Cats,#1C2957,#CDB87D
Plymouth State Panthers,#135841,#000000
Point Loma Nazarene Sea Lions,#0E553F,#FDB827
Point Skyhawks,#00407A,#FCC917
Pomona College,#20438F,#CFD2AA
Pomona-Pitzer Sagehens,#20438F,#F7941D
Portland Pilots,#330072,transpa
Portland State Vikings,#154734,#A5ACAF
Post Eagles,#5E2750,#ff8200
Prairie View Panthersaka Prairie View A&M Panthers,#4F2582,#FEC325
Presbyterian Blue Hose,#0060A9,#9D2235
Princeton Tigers,#000000,#FF6000
Providence Friars,#000000,#8A8D8F
Purdue Boilermakers,#000000,#CFB991
Purdue Fort Wayne Mastodons,#000000,#C28E0E
Purdue–Northwest Prideaka Purdue-Northwest Pride,#000000,#E6D395
Queens Knightsaka Queens College Knights,#00263E,#CB2C30
Quincy Hawks,#581E00,#FFD457
Quinnipiac Bobcatsaka Quinnipiac Braves,#0A2240,#FFB819
RIT Tigers,#F76902,#000000
RPI Engineersaka Rensselaer Engineers,#E2231B,#222222
Radford Highlanders,#C2011B,#D1D3D4
Ramapo Roadrunners,#87212e,#000000
Randolph–Macon Yellow Jacketsaka Randolph-Macon Yellow Jackets,#000000,#F9DC30
Regina Rams,#004F2E,#FFC82E
Regis Rangers,#002B49,#F1C400
Rhode Island Ramsaka University of Rhode Island Rams,#74B4E6,#15213B
Rice Owls,#00205B,#C1C6C8
Richmond Spiders,#002B5E,#C32032
Rider Broncs,#981E32,#6C6F70
Riverside City Tigers,#000000,#FF5A00
Rivier Raiders,#004C97,#C1C6C8
Robert Morris Colonialsaka RMU Colonials,#14234B,#A6192E
Rochester Yellowjackets,#003B71,#FFD100
Rockhurst Hawks,#0046AD,#000000
Rocky Mountain Athletic Conference,#022E64,#FDDA00
Roger Williams Hawks,#003d6e,#FFFFFF
Rogers State Hillcats,#002244,#B71234
Rollins Tars,#0071BA,#FACF00
Rose Bowl Game,#E2231A,#007934
Rowan Profs,#3F1A0A,#EDD51C
Rutgers Scarlet Knights,#CC0033,#000000
Ryerson Rams,#002D72,#D9D9D9
SIU Edwardsville Cougars,#CC0000,#000000
SMU Mustangsaka Southern Methodist University Mustangs,#CC0035,#354CA1
SUNY Alfred Pioneersaka Alfred State Pioneersaka Alfred Pioneers,#003C71,#FFCD00
SUNY Brockport Golden Eaglesaka Brockport Golden Eaglesaka Brockport State Golden Eagles,#00533e,#FFC726
SUNY Canton Roosaka Canton State Kangaroosaka Canton Kangaroosaka Canton Roosaka SUNY Canton Kangaroosaka Canton State Roos,#004B8D,#CFAB7A
SUNY Cobleskill Tigersaka Cobleskill Tigersaka Cobleskill State Tigers,#FE5000,#010101
SUNY Delhi Broncosaka Delhi Broncosaka Delhi State Broncos,#2C5234,#FFC72C
SUNY Fredonia Blue Devilsaka Fredonia Blue Devilsaka Fredonia State Blue Devils,#0033A0,#000000
SUNY Geneseo Knightsaka Geneseo Knightsaka Geneseo State Knights,#003896,#85888B
SUNY New Paltz Hawksaka New Paltz State Hawksaka New Paltz Hawks,#00205b,#0072ce
SUNY Oneonta Red Dragonsaka Oneonta Red Dragonsaka Oneonta Red State Dragons,#cb2c30,transpa
SUNY Oswego Lakersaka Oswego State Lakersaka Oswego Lakers,#235937,#FFCC33
SUNY Plattsburgh Cardinalsaka Plattsburgh State Cardinalsaka Plattsburgh Cardinals,#C8102E,#000000
SUNY Potsdam Bearsaka Potsdam Bearsaka Potsdam State Bears,#8A1538,#A2AAAD
Sacramento State Hornets,#043927,#C4B581
Sacred Heart Pioneers,#CD1041,#3C3C3C
Saginaw Valley State Cardinals,#AC162A,#003663
Saint Anselm Hawks,#143E5F,#CCD6DC
Saint Benedict Blazersaka Saint Benedict Bennies,#be0f34,#000000
Saint Francis Red Flash,#BD1F25,#000000
Saint John's Johnnies,#be0f34,#5a7e92
Saint Joseph's Hawks,#9E1B32,#BCBDC0
Saint Joseph's Pumas,#41136C,#7C1237
Saint Leo Lions,#205C40,#F2A900
Saint Louis Billikens,#003DA5,#C8C9C7
Saint Martin's Saints,#BF0C26,#000000
Saint Mary Spires,#0D223F,#FFD101
Saint Mary's Cardinals,#C8102E,#002855
Saint Mary's Gaels,#06315B,#D80024
Saint Michael's Purple Knights,#5E2278,#DACD96
Saint Peter's Peacocksaka Saint Peter's Peahens,#2C2A29,#0072CE
Saint Rose Golden Knights,#000000,#F9B50A
Salem State Vikings,#1A3B8C,#DC6000
Salve Regina Seahawks,#0069aa,#000000
Sam Houston State Bearkats,#F56423,#FFFFFF
Samford Bulldogsaka Howard Bulldogs,#0C2340,#BA0C2F
San Diego State Aztecs,#C41230,#000000
San Diego Toreros,#003B70,#75BEE9
San Francisco Dons,#00543C,#FDBB30
San Francisco State Gators,#52247F,#FFCC00
San Jose State Spartansaka San José State Spartans,#1E5AAF,#FAB41D
Santa Clara Broncos,#862633,#000000
Saskatchewan Huskies,#00693E,#000000
Savannah State Tigersaka Savannah State Lady Tigers,#002294,#F24D17
Scranton Royals,#4a245e,#000000
Scripps College,#34715B,#000000
Seattle Pacific Falcons,#7B1416,#000000
Seattle Redhawksaka Seattle Chieftains,#AA0000,#000000
Seton Hall Pirates,#004488,#8A8D8F
Seton Hill Griffins,#BF0033,#FCD06B
Sewanee Tigers,#582C83,#CEB888
Shippensburg Red Raiders,#002395,#E00034
Shorter Hawks,#0068B3,#231F20
Siena Saintsaka Siena Indians,#006747,#FFC20F
Simon Fraser Clan,#CC0633,transpa
Sioux Falls Cougars,#492F91,#000000
Skidmore Thoroughbreds,#006A52,#FFD100
Slippery Rock The Rockaka Slippery Rock,#006951,#000000
Sonoma State Seawolves,#003366,#99BFE6
South Alabama Jaguars,#00205B,#BF0D3E
South Carolina Gamecocks,#73000A,#000000
South Carolina State Bulldogs,#841A2B,#1E4692
South Carolina–Beaufort Sand Sharks,#061844,#E2C081
South Dakota Coyotes,#AD0000,#000000
South Dakota Mines Hardrockers,#071D49,#B3A369
South Dakota State Jackrabbits,#0032A0,#FFD100
South Florida Bulls,#006747,#CFC493
Southeast Missouri State Redhawks,#C8102E,#000000
Southeastern Conference,#004B8D,#FFD046
Southeastern Fire,#000000,#E31B23
Southeastern Louisiana Lionsaka Southeastern Louisiana Lady Lions,#006341,#EAAA00
Southeastern Oklahoma State Savage Storm,#0033A0,#FFDD00
Southern Arkansas Muleriders,#003DA5,#FFD100
Southern Conference,#001489,#DA291C
Southern Connecticut Owlsaka Southern Connecticut Fighting Owls,#001489,#97999B
Southern Illinois Salukis,#660000,#000000
Southern Indiana Screaming Eagles,#002856,#CF102D
Southern Jaguarsaka Southern Lady Jaguarsaka Southern University Jaguars,#05356E,#FFC72C
Southern Maine Huskiesaka USM Huskies,#1E3B78,#FFCC00
Southern Miss Golden Eaglesaka Southern Miss Lady Eagles,#000000,#FFD046
Southern Nazarene Crimson Storm,#891717,#000000
Southern New Hampshire Penmen,#1A326C,#FAB20B
Southern Oregon Raiders,#C8102E,#000000
Southern Utah Thunderbirds,#C41425,#231F20
Southland Conference,#00264B,#FFB30D
Southwest Baptist Bearcats,#4A217E,#C2C6C7
Southwest Minnesota State Mustangs,#3A1807,#BCAA71
Southwestern Moundbuilders,#8031A7,#000000
Southwestern Oklahoma State Bulldogs,#1B365D,#888B8D
Southwestern Pirates,#000000,#FFCC33
Spring Hill Badgers,#49176D,transpa
Springfield Prideaka Springfield Maroonsaka Springfield Gymnastsaka Springfield Chiefs,#862633,transpa
St. Bonaventure Bonniesaka St. Bonaventure Brown Squawsaka St. Bonaventure Brown Indians,#54261A,#FDB726
St. Catherine Wildcats,#491A6A,#F7D465
St. Cloud State Huskies,#A10209,#000000
St. Edward's Hilltoppers,#002566,#998F4D
St. Francis Brooklyn Terriers,#0038A8,#CE1126
St. John's Red Stormaka St. John's Redmen,#C3002F,#011E41
St. Lawrence Saints,#AF1E2D,#4B2B23
St. Mary's Rattlers,#004C97,#F2C75C
St. Norbert Green Knightsaka Saint Norbert Green Knights,#1A472B,#EDBD3D
St. Olaf Olesaka Saint Olaf Oles,#000000,transpa
St. Scholastica Saintsaka College of St. Scholastica Saintsaka Saint Scholastica Saints,#0033a0,#f1be48
St. Thomas (Minnesota) Tommiesaka St. Thomas Minnesota Tommiesaka Saint Thomas Minnesota Tommiesaka Saint Thomas (Minnesota) Tommies,#522874,#868686
Stanford Cardinalaka Stanford Indiansaka Stanford,#8C1515,transpa
Stanislaus State Warriors,#E31B23,#BFB241
Stephen F. Austin Lumberjacksaka Stephen F. Austin Ladyjacks,#5F259F,#B1B3B3
Sterling Warriors,#9B2743,#041E42
Stetson Hatters,#006747,#000000
Stevenson Mustangs,#004E42,#000000
Stillman Tigers,#16304B,#C5B358
Stonehill Skyhawks,#2F2975,#17438A
Stony Brook Seawolvesaka Stony Brook Soundmenaka Stony Brook Warriorsaka Stony Brook Baymenaka Stony Brook Patriots,#990000,#16243E
Suffolk Rams,#142f53,#c6a141
Sugar Bowl,#014B94,#FDB524
Summit League,#00549E,#939598
Sun Belt Conference,#0C2340,#F2A900
Sunshine State Conference,#0032A0,#FFB81C
Swarthmore Garnet,#9D2235,#A2AAAD
Syracuse Orangeaka Syracuse Orangemen,#D44500,#0C233F
TCU Horned Frogs,#4D1979,transpa
Tabor Bluejays,#002D72,#FFCD00
Tampa Spartans,#000000,#C8102E
Tarleton State Texansaka Tarleton State TexAnns,#4F2D7F,#000000
Temple Owls,#990033,#222222
Tennessee State Tigersaka Tennessee State Lady Tigers,#00539F,#D2232A
Tennessee Tech Golden Eagles,#4F2984,#FFDD00
Tennessee Volunteersaka Tennessee Lady Volunteers,#FF8200,#FFFFFF
Texas A&M Aggies,#500000,transpa
Texas A&M International Dustdevils,#61162D,#CCCCCC
Texas A&M–Commerce Lionsaka Texas A&M-Commerce Lions,#0A2846,#EDAC09
Texas A&M–Corpus Christi Islandersaka Texas A&M-Corpus Christi Islanders,#0067C5,#007F3E
Texas A&M–Kingsville Javelinasaka Texas A&M-Kingsville Javelinas,#005DAA,#FCC01F
Texas Longhorns,#BF5700,transpa
Texas Southern Tigersaka Texas Southern Lady Tigers,#6F263D,#A2AAAD
Texas State Bobcatsaka Southwest Texas State Bobcats,#501214,#8D734A
Texas Tech Red Raidersaka Texas Tech Lady Raiders,#CC0000,#000000
Texas Woman's Pioneers,#850928,#000000
Texas–Arlington Mavericksaka UT Arlington Mavericksaka Texas-Arlington Mavericks,#0064B1,#F58025
Texas–Pan American Broncsaka Texas-Pan American Broncsaka UTPA Broncs,#006600,#FF6600
Texas–Permian Basin Falcons,#E35205,#000000
Tiffin Dragons,#00623B,#FFF14F
Toledo Rockets,#003E7E,#FFD200
Toronto Varsity Blues,#00204e,transpa
Towson Tigers,#000000,#FFBB00
Transylvania Pioneersaka Kentucky University Pioneers,#B20D35,#231F20
Trine Thunder,#00305c,#c5b783
Trinity Bantams,#00305C,#F7D117
Trinity Tigers,#723130,#BBBCBC
Troy Trojans,#6D0017,#B2B3B5
Truman Bulldogs,#510C76,transpa
Tufts Jumbos,#3E8EDE,#512C1D
Tulane Green Waveaka Tulane Olive and Blue,#005837,#00A4D7
Tulsa Golden Hurricane,#002D72,#C8102E
Tuskegee Golden Tigers,#7B0707,#F2BD2C
UAB Blazers,#1E6B52,#CDC26C
UBC Thunderbirds,#002145,#F2A900
UC Davis Aggies,#002855,#B3A369
UC Irvine Anteaters,#0C2340,#FFC72C
UC Merced Golden Bobcats,#072B31,#B3A369
UC Riverside Highlanders,#003DA5,#FFB81C
UC San Diego Tritonsaka UCSD Tritons,#182B49,#FFCD00
UC Santa Barbara Gauchosaka UCSB Gauchos,#004D9F,#FFB814
UC Santa Cruz Banana Slugs,#0F1640,#E0A600
UCF Knights,#000000,#B7A369
UCLA Bruins,#2D68C4,#F2A900
UE Red Warriorsaka UE Junior Warriors,#ED2939,transpa
UHV Jaguars,#E81C18,#CCA77C
UIC Flames,#091F40,#AC1E2D
UIS Prairie Stars,#0C2340,#A89968
UMBC Retrievers,#000000,#FDB515
UMSL Tritons,#B5121B,#EEB211
UMass Boston Beaconsaka Massachusetts–Boston Beaconsaka Massachusetts-Boston Beaconsaka Massachusetts Boston Beacons,#005A8B,#A0CFEB
UMass Dartmouth Corsairsaka Massachusetts Dartmouth Corsairsaka Massachusetts–Dartmouth Corsairsaka Massachusetts-Dartmouth Corsairs,#003764,#FEC24D
UMass Lowell River Hawks,#00549F,#CF202F
UMass Minutemenaka Massachusetts Minutewomenaka Massachusetts Redmenaka Massachusetts State Aggiesaka UMass Redmenaka Massachusetts Minutemenaka UMass Minutewomen,#881C1C,#27251F
UNC Asheville Bulldogs,#003DA5,#000000
UNC Greensboro Spartans,#0F2044,#FFB71B
UNC Pembroke Braves,#000000,#A67F31
UNC Wilmington Seahawks,#006666,#FFD600
UNLV Rebelsaka UNLV Runnin' Rebelsaka UNLV Lady Rebels,#CF0A2C,#CAC8C8
UP Fighting Maroonsaka UP Parrots,#7B1113,#014421
USC Aiken Pacers,#75263B,#002E62
USC Trojans,#9D2235,#FFC72C
USC Upstate Spartans,#046A38,#000000
UST Growling Tigersaka UST Glowing Goldies,#FCBF15,#231F20
UT Martin Skyhawksaka Tennessee–Martin Skyhawksaka Tennessee-Martin Skyhawks,#002649,#F77F00
UTEP Minersaka Texas Western Miners,#041E42,#FF8200
UTRGV Vaquerosaka Texas-Rio Grande Valley Vaquerosaka Texas–Rio Grande Valley Vaqueros,#F05023,#646469
UTSA Roadrunners,#002244,#DD4814
Union Bulldogs,#AA0C31,#231F20
Union Dutchmenaka Union Dutchwomen,#822433,transpa
Upper Iowa Peacocks,#0D1030,#689CD3
Utah State Aggies,#00263A,#8A8D8F
Utah Utesaka Utah Redskinsaka Utah Red Rocks,#CC0000,#000000
Utah Valley Wolverines,#275D38,#000000
Utica Pioneers,#0c223f,#e75200
VCU Rams,#000000,#FFB300
VMI Keydets,#AE122A,#FFD619
Valdosta State Blazers,#CC0000,#000000
Valparaiso Beaconsaka Valparaiso Crusaders,#381E0E,#FFCC00
Vanderbilt Commodores,#000000,#CEB888
Vermont Catamounts,#005710,#FFC20E
Villanova Wildcats,#00205B,#13B5EA
Virginia Cavaliers,#232D4B,#F84C1E
Virginia Tech Hokiesaka VPI Fighting Gobblersaka Virginia Tech Fighting Gobblers,#861F41,#E87722
WPI Engineers,#AC2B37,#A9B0B7
Wagner Seahawks,#004331,#CCCCCC
Wake Forest Demon Deacons,#2C2A29,#CEB888
Walsh Cavaliers,#6D0020,#B6985A
Washburn Ichabods,#003A70,transpa
Washington & Jefferson Presidentsaka Washington and Jefferson Presidents,#000000,#A4343A
Washington Huskies,#4B2E83,#B7A57A
Washington State Cougars,#981E32,#53565A
Washington University Bearsaka WUSTL Bears,#A51417,#007360
Washington and Lee Generalsaka Washington & Lee Generals,#003399,transpa
Wayne State Warriors,#115E56,#C79316
Wayne State Wildcats,#000000,#FBBF22
Weber State Wildcats,#4B2682,#A1A1A4
Wentworth Institute of Technology Leopardsaka Wentworth Leopardsaka WIT Leopards,#cf142b,#000000
Wesleyan Cardinals,#d72121,transpa
West Alabama Tigers,#A6192E,#000000
West Chester Golden Rams,#540E69,#FAAA20
West Coast Conference,#24CAD2,#000000
West Florida Argonauts,#0072CE,#00AF66
West Georgia Wolves,#0033A1,#DB1A21
West Liberty Hilltoppers,#000000,#FFCD33
West Texas A&M Buffaloes,#581818,#000000
West Virginia Mountaineers,#002855,#EAAA00
West Virginia State Yellow Jackets,#000000,#C99700
Western Athletic Conference,#98002E,#D9D4CC
Western Carolina Catamounts,#592C88,#B9975B
Western Colorado Mountaineersaka Western State Colorado Mountaineers,#A71930,#565A5C
Western Illinois Leathernecks,#663399,#FFCC00
Western Kentucky Hilltoppersaka Western Kentucky Lady Toppersaka WKU Hilltoppersaka WKU Lady Toppers,#B01E24,#000000
Western Michigan Broncos,#6C4023,#B5A167
Western Mustangsaka Western Ontario Mustangs,#512888,#63666A
Western New England Golden Bears,#003082,#e6b012
Western New Mexico Mustangs,#42196F,#FEBE10
Western Oregon Wolves,#E31837,#231F20
Western Washington Vikings,#0E2B58,#7898C9
Westfield State Owls,#00247d,#8e774d
Westminster Griffins,#380E56,#BC9B6B
Wichita State Shockersaka Fairmount Shockers,#27251F,#FFCD00
Widener Prideaka Widener Pioneers,#0057B8,#FFC845
Wilkes Colonels,#002855,#FFCD00
Willamette Bearcats,#98002E,#B39D6E
William & Mary Tribeaka William and Mary Tribeaka William and Mary Indiansaka William & Mary Indians,#115740,#F0B323
William Carey Crusaders,#D01144,#000000
William Jewell Cardinals,#CC0033,#231F20
William Smith Herons,#00593D,transpa
Williams Ephs,#512698,#FDCC09
Wilmington Quakers,#024E43,#7AB800
Windsor Lancers,#005596,#FFCE00
Winona State Warriors,#4B08A1,#FFCC33
Winston-Salem State Rams,#C8102E,#000000
Winthrop Eagles,#660000,#F0B323
Wisconsin Badgers,#C4012F,#000000
Wisconsin–Eau Claire Blugoldsaka Wisconsin-Eau Claire Blugoldsaka University of Wisconsin-Eau Claire Blugoldsaka University of Wisconsin–Eau Claire Blugoldsaka UW-Eau Claire Blugoldsaka UW–Eau Claire Blugolds,#2b3e85,transpa
Wisconsin–La Crosse Eaglesaka University of Wisconsin–La Crosse Eaglesaka University of Wisconsin-La Crosse Eaglesaka UW-La Crosse Eaglesaka Wisconsin-La Crosse Eaglesaka UW–La Crosse Eagles,#830019,#969799
Wisconsin–Oshkosh Titansaka Wisconsin-Oshkosh Titansaka University of Wisconsin-Oshkosh Titansaka University of Wisconsin–Oshkosh Titansaka UW–Oshkosh Titansaka UW-Oshkosh Titans,#000000,#FFFFFF
Wisconsin–Parkside Rangersaka Parkside Rangersaka Wisconsin-Parkside Rangers,#004631,#213629
Wisconsin–Platteville Pioneersaka University of Wisconsin–Platteville Pioneersaka University of Wisconsin-Platteville Pioneersaka UW-Platteville Pioneersaka Wisconsin-Platteville Pioneersaka UW–Platteville Pioneers,#ff5800,#0047ba
Wisconsin–River Falls Falconsaka UW-River Falls Falconsaka Wisconsin-River Falls Falconsaka University of Wisconsin-River Falls Falconsaka UW–River Falls Falconsaka University of Wisconsin–River Falls Falcons,#C80F2E,#000000
Wisconsin–Stevens Point Pointersaka UW–Stevens Point Pointersaka University of Wisconsin-Stevens Point Pointersaka UW-Stevens Point Pointersaka Wisconsin-Stevens Point Pointersaka University of Wisconsin–Stevens Point Pointers,#59178a,#fcc917
Wisconsin–Stout Blue Devilsaka UW-Stout Blue Devilsaka Wisconsin-Stout Blue Devilsaka University of Wisconsin–Stout Blue Devilsaka University of Wisconsin-Stout Blue Devilsaka UW–Stout Blue Devils,#012169,#000000
Wisconsin–Superior Yellowjacketsaka UW-Superior Yellowjacketsaka Wisconsin-Superior Yellowjacketsaka University of Wisconsin-Superior Yellowjacketsaka University of Wisconsin–Superior Yellowjacketsaka UW–Superior Yellowjackets,#000000,#FCD647
Wisconsin–Whitewater Warhawksaka Wisconsin-Whitewater Warhawks,#502D7F,#BABCBE
Wofford Terriers,#000000,#886E4C
Worcester State Lancers,#003896,#f0e07d
Wright State Raiders,#026937,#CEA052
Wyoming Cowboysaka Wyoming Cowgirls,#492F24,#FFC425
Xavier Musketeersaka Saint Xavier Saintsaka St. Xavier Saints,#0C2340,#9EA2A2
Yale Bulldogs,#00356B,transpa
York Panthers,#005EB8,#000000
Young Harris Mountain Lions,#260053,#C7C6C9
Youngstown State Penguins,#C8102E,#000000
